seed,positive_negative_weight_ratio,coverage,mean_distance,gini,training_loss,train_seconds,search_seconds,total_seconds,selected_indices
42,0.1,0.7210992611962108,4.400322601941934,0.2501668357357839,0.6902031302452087,0.8236889000108931,2.0952615999849513,2.9189504999958444,13 18 20 39 46 61 62 63 66 67 73 75
42,0.3,0.7046252266367341,4.61573750879772,0.242526795983515,0.7624713182449341,0.6609141000080854,0.754955099982908,1.4158691999909934,10 20 23 27 46 51 60 61 67 71 73 74
42,1.0,0.63443784842998,4.922107205390181,0.2106814319011654,1.0083413124084473,0.6117095000226982,0.8729407000064384,1.4846502000291366,2 5 8 10 27 28 39 54 63 67 73 75
42,3.0,0.7036420422207393,4.593040198758797,0.24581659420591984,1.6841075420379639,0.661423499986995,0.7168373999884352,1.3782608999754302,10 15 20 23 27 30 49 51 63 69 73 74
42,10.0,0.6945259127369697,4.721073495183976,0.22798693741484466,4.026017189025879,0.6631367999943905,0.8236801000020932,1.4868168999964837,10 20 23 27 30 31 49 61 67 71 73 75
1001,0.1,0.7446111159108509,4.715963013579798,0.2506243547546656,0.713621199131012,0.5375094000191893,0.781591999984812,1.3191014000040013,2 5 10 13 20 27 37 49 62 63 67 75
1001,0.3,0.7116846640318848,4.437664201908485,0.2712891060808613,0.7866296172142029,0.5615919000119902,0.6652988000132609,1.2268907000252511,2 8 13 18 24 28 46 49 61 62 67 75
1001,1.0,0.72214179030811,4.346675450804221,0.24577990450104326,1.0358082056045532,0.680808100005379,0.6735531999729574,1.3543612999783363,2 5 18 20 23 46 61 67 71 73 74 75
1001,3.0,0.7094047645992295,4.48539761529715,0.2305565397760445,1.7168138027191162,0.49990570000954904,0.7008732000249438,1.2007789000344928,2 12 18 20 23 46 49 61 67 71 73 75
1001,10.0,0.7021220369135932,4.4960790168170925,0.24337667819324105,4.0624098777771,0.716535700019449,0.6587872999953106,1.3753230000147596,2 9 13 18 20 23 46 49 67 71 73 75
1002,0.1,0.7127386242497462,4.416838184084247,0.23286876908123944,0.709669291973114,0.5775187000108417,0.6948937000124715,1.2724124000233132,2 13 18 20 23 46 61 66 67 71 73 75
1002,0.3,0.7050619226366578,4.22799268764062,0.2535289181958872,0.7814069390296936,0.5991216000111308,0.6538216999906581,1.2529433000017889,5 18 19 23 25 46 51 52 61 67 71 73
1002,1.0,0.7240062055509892,4.479727414711247,0.2255276173959706,1.021757960319519,0.6149947999801952,0.6490459999768063,1.2640407999570016,2 13 20 27 45 50 57 61 63 67 71 75
1002,3.0,0.7336654435768305,4.560894056828853,0.23714999640286827,1.6929810047149658,0.5188815000001341,0.6208448999968823,1.1397263999970164,13 20 23 27 45 57 61 63 66 67 73 75
1002,10.0,0.7542681050801616,4.400023288891562,0.2597629341276335,4.034292221069336,0.5643090000085067,0.7274443000205792,1.291753300029086,2 20 27 39 45 46 61 63 64 66 72 74
1003,0.1,0.7739280204994194,4.374274885864097,0.24713361949411305,0.6988943219184875,0.5278596999996807,0.7029685000015888,1.2308282000012696,2 20 27 28 39 45 57 61 63 72 73 74
1003,0.3,0.7176903187300795,4.7306828102405625,0.2192026801368414,0.7702658176422119,0.6479919999837875,0.6228528000065126,1.2708447999903,2 10 20 23 27 57 61 63 67 71 73 75
1003,1.0,0.6867712809969823,4.576462702948137,0.25961859900069073,1.0113000869750977,0.5590963000140619,0.6917140000150539,1.2508103000291158,1 20 27 35 49 51 58 63 64 66 67 74
1003,3.0,0.685337296583921,4.647764510042654,0.22043858024538598,1.6855603456497192,0.5805577999853995,0.631794400018407,1.2123522000038065,1 2 18 20 27 37 61 63 66 67 73 75
1003,10.0,0.6958427984695624,4.48763548487587,0.2549517952719982,4.028444766998291,0.5284260000044014,0.7335826999915298,1.2620086999959312,13 20 23 24 27 35 51 57 61 67 71 73
1004,0.1,0.7284452010528397,4.443339756824174,0.2431014318277751,0.7067173719406128,0.48074920001090504,0.6394905999768525,1.1202397999877576,2 17 20 27 39 45 46 61 71 73 74 75
1004,0.3,0.6829416457691939,4.518375681861886,0.22010264365300458,0.7767800688743591,0.5906334999890532,0.6671263999887742,1.2577598999778274,2 8 27 45 57 61 63 67 71 73 74 75
1004,1.0,0.702773933212017,4.589482534154308,0.23137524444145863,1.014937162399292,0.502952999988338,0.8900689999863971,1.393021999974735,2 20 23 27 28 30 45 50 61 63 67 75
1004,3.0,0.7211872076882347,4.575873701751044,0.2542829446723901,1.6913647651672363,0.6095188000181224,0.6533897000190336,1.262908500037156,10 20 27 28 46 49 51 61 62 63 73 74
1004,10.0,0.6956866606940005,4.705452461176015,0.21599525070337822,4.0354719161987305,0.6328469000000041,0.6361872999987099,1.269034199998714,10 12 20 23 27 30 61 63 67 71 73 75
1005,0.1,0.7572840635498265,4.499484068506164,0.24884442251995598,0.7022997736930847,0.5099648000032175,0.6412371000042185,1.151201900007436,1 2 7 18 20 39 61 63 66 67 74 75
1005,0.3,0.7599806301281581,4.462689567513399,0.250716964281249,0.7693565487861633,0.5671107999805827,0.6849663000029977,1.2520770999835804,2 20 23 27 45 57 61 63 67 71 72 74
1005,1.0,0.6838081005001377,4.705539467187492,0.22757341000139597,1.0051116943359375,0.5346932000247762,0.6594298999989405,1.1941231000237167,2 12 20 23 27 28 36 46 50 61 67 75
1005,3.0,0.697828041107116,4.486594462540285,0.22850786551191193,1.6757171154022217,0.6369771999889053,0.6556641999923158,1.2926413999812212,2 12 18 20 23 37 46 61 63 66 73 75
1005,10.0,0.727699284566799,4.513833351698019,0.23668845318399834,4.0209760665893555,0.4743733999785036,0.7048951000033412,1.1792684999818448,2 15 20 27 45 50 57 61 63 71 74 75
1006,0.1,0.7272204502203488,4.351058947924187,0.2432663417798614,0.6961097717285156,0.5603344999835826,0.6008771999913733,1.161211699974956,9 15 18 20 23 46 51 61 64 66 67 74
1006,0.3,0.6828324479317989,4.561775880631343,0.23428109299027933,0.7633288502693176,0.5537834000133444,0.7691661999851931,1.3229495999985375,5 8 10 15 23 27 28 51 63 64 73 74
1006,1.0,0.7194149885862934,4.37664831531078,0.25340461012359317,1.0001235008239746,0.5772136999876238,0.636594999989029,1.2138086999766529,15 18 20 23 27 46 49 51 64 66 67 74
1006,3.0,0.7181979075871394,4.614818673586962,0.2351857987062521,1.671902060508728,0.6165396000142209,0.6287830999935977,1.2453227000078186,2 5 20 27 45 49 50 63 67 71 74 75
1006,10.0,0.7169828676907927,4.6018294958988,0.23494106002740422,4.012453079223633,0.5238124000024982,0.6568099000141956,1.1806223000166938,10 13 20 23 27 30 51 61 63 64 67 71
1007,0.1,0.7357671407032716,4.338935314046245,0.24275095280723025,0.7308000326156616,0.5856076999916695,0.8233318999991752,1.4089395999908447,18 19 20 23 37 46 51 61 66 67 73 74
1007,0.3,0.706566282072949,4.330960445602541,0.23977404868573804,0.8040428757667542,0.5167433999886271,0.6696104999864474,1.1863538999750745,7 17 18 20 23 37 46 51 61 66 73 74
1007,1.0,0.692817502710374,4.4222969193421955,0.24447633230984256,1.0529582500457764,0.660560100019211,0.6201561999914702,1.2807163000106812,9 18 20 23 24 30 51 61 67 71 73 74
1007,3.0,0.6822879951921323,4.376182873632584,0.24781190815678478,1.7286592721939087,0.5288900999876205,0.6102397000067867,1.1391297999944072,8 23 24 27 30 35 51 61 67 71 73 74
1007,10.0,0.734280439558226,4.48068362661868,0.23327016589606364,4.071420192718506,0.5311845999967773,0.601122399995802,1.1323069999925792,2 13 20 27 30 39 45 50 61 63 71 75
1008,0.1,0.6893447992313255,4.517364089997583,0.2471439706252787,0.7084615230560303,0.5451822000031825,0.6857887000078335,1.230970900011016,15 20 27 28 30 39 45 62 63 64 67 74
1008,0.3,0.7155652756666282,4.488666588245979,0.23080926892313147,0.778387725353241,0.4843894000223372,0.6150107000139542,1.0994001000362914,2 12 18 20 23 28 46 49 61 67 73 75
1008,1.0,0.7161922384175025,4.337252229619186,0.27673656791467927,1.0225962400436401,0.508348900009878,0.6560587999993004,1.1644077000091784,0 14 18 20 23 49 51 63 66 67 73 74
1008,3.0,0.7194115622002666,4.540063491565064,0.2417458738647299,1.6993008852005005,0.4976874999993015,0.661333600000944,1.1590211000002455,1 2 15 18 20 37 39 55 61 63 73 74
1008,10.0,0.7280020220514808,4.406370250572531,0.25548683617622037,4.045366287231445,0.5349388000031468,0.6922575999924447,1.2271963999955915,9 18 19 20 23 28 46 51 61 73 74 76
1009,0.1,0.712970763453466,4.304112903889535,0.25589222616390295,0.717811107635498,0.5214577000006102,0.6251621000119485,1.1466198000125587,14 17 18 20 23 27 46 51 61 64 69 74
1009,0.3,0.6939244912908039,4.664078779335739,0.23241246368490132,0.7866451740264893,0.6156818000017665,0.6226170000154525,1.238298800017219,10 23 25 27 28 30 61 63 67 73 74 75
1009,1.0,0.7149983490904674,4.42000165419192,0.2293839228979262,1.0245213508605957,0.572356899996521,0.6706965000194032,1.2430534000159241,2 13 18 20 23 37 46 61 66 67 73 75
1009,3.0,0.7358561647239331,4.65114989821574,0.22726335928520702,1.6981090307235718,0.556828900007531,0.6513954999973066,1.2082244000048377,5 10 20 23 27 37 61 63 67 73 74 75
1009,10.0,0.7658405765977601,4.478598113882955,0.2520283564078216,4.038973331451416,0.5715527999855112,0.6868287000106648,1.258381499996176,5 10 19 20 23 27 28 51 61 63 64 74
1010,0.1,0.6994885840557963,4.461355879422125,0.22905699054246742,0.6991215348243713,0.518069200013997,0.7741540999850258,1.2922232999990229,3 9 13 18 20 23 46 61 66 67 73 75
1010,0.3,0.7074426237105415,4.511985670308351,0.23946420624646547,0.7675796747207642,0.5814912999921944,0.6273311000259127,1.2088224000181071,2 10 13 17 20 23 27 46 61 66 73 75
1010,1.0,0.7208643444492479,4.544402523278226,0.2410111135952583,1.0018404722213745,0.4793074000044726,0.6498797000094783,1.1291871000139508,2 13 20 27 39 45 56 57 63 71 73 75
1010,3.0,0.713897814053855,4.560387224228541,0.23407929387397464,1.6724387407302856,0.567927600000985,0.6797596999967936,1.2476872999977786,2 3 5 8 27 39 45 50 61 63 74 75
1010,10.0,0.7594982469140081,4.500214449512532,0.23863583550106815,4.013824939727783,0.5535190999798942,0.6291093000036199,1.182628399983514,2 5 20 27 39 45 50 61 63 71 74 75
1011,0.1,0.7330622368440084,4.474202570279868,0.2549049942572036,0.6929044723510742,0.5326989000022877,0.6366488999919966,1.1693477999942843,0 2 18 20 27 39 61 63 71 73 74 75
1011,0.3,0.6831761857687341,4.407745110639935,0.2375717782198331,0.7620631456375122,0.5640276000194717,0.6257603999983985,1.1897880000178702,7 8 13 15 18 23 46 51 61 66 67 73
1011,1.0,0.6260434918139688,4.7982662171529995,0.22012998873019995,1.0008351802825928,0.49690200001350604,0.6496092999877874,1.1465113000012934,2 10 23 25 27 30 42 50 61 67 71 75
1011,3.0,0.7147894697765066,4.440040237722531,0.25655855101178104,1.6755236387252808,0.5373106000188272,0.6676537999883294,1.2049644000071567,15 20 23 27 45 46 49 51 66 67 73 74
1011,10.0,0.685337296583921,4.647764510042654,0.22043858024538598,4.017897129058838,0.5326945999986492,0.6458206000097562,1.1785152000084054,1 2 18 20 27 37 61 63 66 67 73 75
1012,0.1,0.7206259896882511,4.596632971947259,0.23835776669031594,0.714078426361084,0.5370884999865666,0.6640794000122696,1.2011678999988362,2 3 5 15 20 27 39 45 63 67 73 74
1012,0.3,0.7550545467205746,4.3535231398694,0.2537746634707452,0.7862817049026489,0.5407768999866676,0.6160461999825202,1.1568230999691878,5 19 20 23 27 45 51 61 63 71 73 74
1012,1.0,0.7611290012346672,4.527449142167796,0.23737319109968458,1.031480312347412,0.55635749999783,0.6518332999839913,1.2081907999818213,2 5 20 27 37 39 45 61 63 73 74 75
1012,3.0,0.7505154867931317,4.544870723522013,0.25796276528912154,1.7102279663085938,0.46750260001863353,0.6851310000056401,1.1526336000242736,2 5 7 25 27 39 45 61 63 69 74 75
1012,10.0,0.7356557785061963,4.669954890450997,0.22257889532653286,4.055009841918945,0.5839589000097476,0.8336872000072617,1.4176461000170093,10 20 23 27 28 57 61 63 67 73 74 75
1013,0.1,0.7604449426444181,4.434178626390537,0.26309620430254266,0.7013572454452515,0.6053557000122964,0.664999100001296,1.2703548000135925,1 2 5 7 13 18 20 37 39 61 63 75
1013,0.3,0.7357671407032716,4.338935314046245,0.24275095280723025,0.7769518494606018,0.6335580000013579,0.6313652999815531,1.264923299982911,18 19 20 23 37 46 51 61 66 67 73 74
1013,1.0,0.6961272706810394,4.508743368491631,0.23424266784103853,1.0245193243026733,0.566713099979097,0.6682479000010062,1.2349609999801032,1 2 5 7 12 18 20 61 63 71 73 75
1013,3.0,0.7526434973239385,4.511867300770641,0.24673975512707125,1.703077793121338,0.5371236999926623,0.6559219000046141,1.1930455999972764,5 10 15 20 23 27 28 51 61 63 64 74
1013,10.0,0.7276542113113363,4.683457016869453,0.21956852256462533,4.045416831970215,0.5186218000017107,0.6391050000092946,1.1577268000110053,5 10 12 20 23 27 28 61 63 67 73 75
1014,0.1,0.7129154451487432,4.440294610937204,0.23893155977757286,0.7096448540687561,0.517204200004926,0.6402731999987736,1.1574774000036996,1 2 18 20 28 57 61 63 67 73 74 75
1014,0.3,0.6924961976243087,4.544210013861204,0.25529483531939823,0.7804570198059082,0.5886839000158943,0.6558361999923363,1.2445201000082307,9 18 23 24 27 37 51 57 61 73 74 76
1014,1.0,0.7067510635054549,4.669940083820781,0.23738987585930993,1.0226480960845947,0.5282374999951571,0.6524562000122387,1.1806937000073958,2 6 20 28 36 45 57 61 63 64 67 75
1014,3.0,0.7183153884414342,4.403713498728009,0.24743334550120277,1.695267915725708,0.6513028000190388,0.6201106999942567,1.2714135000132956,18 20 23 27 28 46 51 61 64 67 74 75
1014,10.0,0.7194115622002666,4.540063491565064,0.2417458738647299,4.033563613891602,0.52494969998952,0.6599600000190549,1.1849097000085749,1 2 15 18 20 37 39 55 61 63 73 74
1015,0.1,0.7071166883521373,4.390615222802811,0.24474877389338978,0.7098813652992249,0.5192084000154864,0.6440048000076786,1.163213200023165,2 7 17 18 20 23 46 61 71 73 75 78
1015,0.3,0.7315172824853037,4.2790528175560985,0.28454010869142843,0.7766439914703369,0.5539728000003379,0.629271100013284,1.183243900013622,0 18 19 20 23 28 51 61 63 64 76 78
1015,1.0,0.7081603073958813,4.283692771941028,0.2832892641972313,1.0092923641204834,0.5448325999896042,0.8391291000007186,1.3839616999903228,0 5 7 15 18 20 23 50 51 63 69 74
1015,3.0,0.7336514690381637,4.474376090212186,0.23193109690056168,1.6810083389282227,0.5821935999847483,0.6074178999988362,1.1896114999835845,2 13 20 27 30 39 45 61 63 71 73 75
1015,10.0,0.7447162284418294,4.42648682614245,0.2544074752617175,4.023870944976807,0.555370199988829,0.6249444999848492,1.1803146999736782,2 7 13 18 20 23 46 55 61 67 71 72
1016,0.1,0.764084027397888,4.460600859119592,0.24169365524831143,0.7142351865768433,0.57854899999802,0.6131519000045955,1.1917009000026155,2 5 13 20 27 39 45 61 63 64 71 75
1016,0.3,0.771638114779245,4.4529039532871115,0.26548503171778026,0.7842093706130981,0.5778801999986172,0.6461490000074264,1.2240292000060435,2 5 20 27 39 41 45 61 67 71 74 75
1016,1.0,0.762502679703255,4.549005340687211,0.26063128704564753,1.0267884731292725,0.5617270000220742,0.6245651000062935,1.1862921000283677,2 5 20 36 39 45 63 70 71 72 73 74
1016,3.0,0.7427553239978729,4.491176469210087,0.2449901688623375,1.699061393737793,0.5070551999961026,0.6212833000172395,1.1283385000133421,2 13 20 27 39 45 46 61 64 67 71 75
1016,10.0,0.7254378333546567,4.583436441836035,0.23272416820499786,4.0387115478515625,0.5249713999801315,0.6681455000070855,1.193116899987217,2 12 20 27 39 45 46 61 67 71 73 75
1017,0.1,0.7223164879330509,4.4571080383797455,0.24397193790924543,0.7349060773849487,0.5279234999907203,0.6550398000108544,1.1829633000015747,17 20 27 34 39 45 46 61 71 73 74 75
1017,0.3,0.7165719672613281,4.6153713930949065,0.229643870791172,0.8064373135566711,0.5280751999816857,0.6468967999971937,1.1749719999788795,20 27 28 30 31 34 39 45 61 67 73 75
1017,1.0,0.7480179785141519,4.516083891677827,0.2461670328591744,1.0500624179840088,0.5370724000094924,0.6697979999880772,1.2068703999975696,5 10 20 23 27 28 51 61 63 72 73 74
1017,3.0,0.6730326172251914,4.4191142883755035,0.23704192284962355,1.7220771312713623,0.5224502999917604,0.6367999000067357,1.159250199998496,7 15 18 23 25 28 46 61 67 70 73 74
1017,10.0,0.6919963863534497,4.713717466934122,0.22355633495348837,4.0638837814331055,0.5731530000048224,0.6124399999971502,1.1855930000019725,2 10 20 23 27 30 31 50 61 67 71 75
1018,0.1,0.7484112470091864,4.472594376477135,0.26823525679678717,0.6899312138557434,0.5654168000037316,0.6158416999969631,1.1812585000006948,0 2 7 18 20 27 39 61 63 71 75 78
1018,0.3,0.6689772947870991,4.576769336665167,0.24317638086160398,0.7593306303024292,0.5159843000001274,0.6551583999826107,1.1711426999827381,1 2 7 18 25 50 60 61 63 71 75 78
1018,1.0,0.747739036582746,4.4305357391255225,0.25845465905787135,0.9995931386947632,0.5886673999775667,0.6998136999900453,1.288481099967612,0 2 18 20 39 61 63 64 66 67 75 78
1018,3.0,0.7039495929250685,4.4624948496017245,0.23777673312823233,1.6730875968933105,0.5160682999994606,0.8828678000136279,1.3989361000130884,18 20 23 27 37 46 61 63 66 73 74 75
1018,10.0,0.7398119801055624,4.360488857344065,0.2593501955890438,4.0191450119018555,0.5681994999758899,0.651524499990046,1.219723999965936,2 20 27 28 39 45 47 61 63 73 75 78
1019,0.1,0.749655009632924,4.39007599248625,0.2599392241340418,0.7129858136177063,0.5194155999924988,0.6667075000004843,1.186123099992983,18 19 20 23 28 46 49 50 51 61 67 74
1019,0.3,0.7334835807740508,4.392134794395814,0.2536322525479251,0.7852140665054321,0.6422796999977436,0.6328411000140477,1.2751208000117913,5 20 23 27 45 51 61 63 64 71 74 75
1019,1.0,0.7524795106437336,4.521685709567713,0.24208770599403628,1.0334172248840332,0.5468260999768972,0.6209267000085674,1.1677527999854647,5 20 27 28 39 45 58 61 63 64 74 75
1019,3.0,0.7155228264647177,4.676413666404,0.22269953227064,1.7150254249572754,0.5706299000012223,0.6056186000059824,1.1762485000072047,5 10 12 20 23 27 28 50 61 63 64 75
1019,10.0,0.7611290012346672,4.527449142167796,0.23737319109968458,4.0601654052734375,0.5961284000077285,0.6088020000024699,1.2049304000101984,2 5 20 27 37 39 45 61 63 73 74 75
