seed,module,coverage,mean_distance,gini,training_loss,train_seconds,search_seconds,total_seconds,selected_indices
42,GAT,0.63443784842998,4.922107205390181,0.2106814319011654,1.0083413124084473,0.6073344000033103,1.9896043000044301,2.5969387000077404,2 5 8 10 27 28 39 54 63 67 73 75
42,GCN,0.6965443262021451,4.514896464895341,0.23019526828471537,1.0078635215759277,0.508049399999436,0.7281001000083052,1.2361495000077412,12 18 20 23 46 49 61 64 67 71 73 75
42,GraphSAGE,0.7031495751990245,4.313708894009776,0.2535763145213994,1.0091311931610107,0.5334810000204016,0.7632098999747541,1.2966908999951556,8 18 19 23 24 30 51 61 67 69 73 78
42,MLP+fixed diffusion,0.7087232858761064,4.414136466921539,0.257195405589408,1.0084141492843628,0.5271231999795418,0.8498706000100356,1.3769937999895774,5 18 20 23 24 51 61 67 71 73 74 76
1001,GAT,0.72214179030811,4.346675450804221,0.24577990450104326,1.0358082056045532,0.5822865000227466,0.7211060000117868,1.3033925000345334,2 5 18 20 23 46 61 67 71 73 74 75
1001,GCN,0.7154418629784244,4.381300319953172,0.24612310514590052,1.0351899862289429,0.5741433000075631,0.8075024000136182,1.3816457000211813,5 18 20 23 28 46 61 64 67 73 74 75
1001,GraphSAGE,0.7173641430595329,4.404666551913988,0.23812276654060016,1.0364041328430176,0.4936308999895118,0.896432499983348,1.3900633999728598,2 13 18 20 23 46 61 64 66 67 71 75
1001,MLP+fixed diffusion,0.7154418629784244,4.381300319953172,0.24612310514590052,1.038509726524353,0.6182315000041854,0.7056475999997929,1.3238791000039782,5 18 20 23 28 46 61 64 67 73 74 75
1002,GAT,0.7240062055509892,4.479727414711247,0.2255276173959706,1.021757960319519,0.6256080000021029,0.7188918000028934,1.3444998000049964,2 13 20 27 45 50 57 61 63 67 71 75
1002,GCN,0.7098535374470972,4.502711165244644,0.24276280636845815,1.0213905572891235,0.5012657000042964,0.7208626000210643,1.2221283000253607,1 2 15 18 20 39 61 63 64 66 73 74
1002,GraphSAGE,0.6922284402851191,4.549532166826189,0.247890912901777,1.02130126953125,0.5515321000129916,0.7297765999974217,1.2813087000104133,18 20 23 37 39 46 64 66 67 73 74 75
1002,MLP+fixed diffusion,0.7231602060345454,4.504470930377293,0.24510894742364153,1.0213879346847534,0.5209767000051215,0.6928002999920864,1.213776999997208,2 15 18 20 23 46 50 61 67 71 74 75
1003,GAT,0.6867712809969823,4.576462702948137,0.25961859900069073,1.0113000869750977,0.5612098000128753,0.6962572000047658,1.2574670000176411,1 20 27 35 49 51 58 63 64 66 67 74
1003,GCN,0.6978712988431047,4.539827125037386,0.23573910268906617,1.0124704837799072,0.5660326000070199,0.9213967999967281,1.487429400003748,1 2 20 27 35 37 50 61 63 66 74 75
1003,GraphSAGE,0.7028705045843426,4.48178510243354,0.2657519282256975,1.0122750997543335,0.5251852999790572,0.6993988999747671,1.2245841999538243,2 8 18 19 23 24 30 61 67 69 74 75
1003,MLP+fixed diffusion,0.7028705045843426,4.48178510243354,0.2657519282256975,1.012868046760559,0.5270590999862179,0.6864170000189915,1.2134761000052094,2 8 18 19 23 24 30 61 67 69 74 75
1004,GAT,0.702773933212017,4.589482534154308,0.23137524444145863,1.014937162399292,0.5693668999883812,0.7225109999999404,1.2918778999883216,2 20 23 27 28 30 45 50 61 63 67 75
1004,GCN,0.7189481954285659,4.529112458229808,0.23007461426066467,1.016796588897705,0.5017579999985173,0.6792727000138257,1.181030700012343,2 20 27 37 45 57 61 63 66 73 74 75
1004,GraphSAGE,0.7227880028367717,4.4926003102727,0.22468051432148806,1.0154274702072144,0.5342432999750599,0.9603109000017866,1.4945541999768466,2 20 27 45 57 61 63 67 71 73 74 75
1004,MLP+fixed diffusion,0.7189481954285659,4.529112458229808,0.23007461426066467,1.0177057981491089,0.5238437999796588,0.6656549000181258,1.1894986999977846,2 20 27 37 45 57 61 63 66 73 74 75
1005,GAT,0.6838081005001377,4.705539467187492,0.22757341000139597,1.0051116943359375,0.576724100013962,0.7972018999862485,1.3739260000002105,2 12 20 23 27 28 36 46 50 61 67 75
1005,GCN,0.7542681050801616,4.450872538676819,0.25354696006672583,1.005506157875061,0.8331941000069492,0.7606441999960225,1.5938383000029717,2 20 27 30 39 45 61 63 64 66 72 74
1005,GraphSAGE,0.6838081005001377,4.705539467187492,0.22757341000139597,1.0055359601974487,0.5567568000114989,0.8188064999994822,1.375563300010981,2 12 20 23 27 28 36 46 50 61 67 75
1005,MLP+fixed diffusion,0.708200714719784,4.67615389269973,0.23772551318144808,1.006596565246582,0.5417984999949113,0.7850447999953758,1.326843299990287,10 13 20 23 28 36 46 61 66 67 73 75
1006,GAT,0.7194149885862934,4.37664831531078,0.25340461012359317,1.0001235008239746,0.5963162999833003,0.7395076999964658,1.335823999979766,15 18 20 23 27 46 49 51 64 66 67 74
1006,GCN,0.7596077090947596,4.436973253036615,0.2559610758195593,1.0012516975402832,0.5024850000045262,0.7645255000097677,1.267010500014294,1 2 18 20 27 37 39 61 63 66 72 74
1006,GraphSAGE,0.7283344001008965,4.35744294826415,0.24606638061736552,1.0007153749465942,0.6006380000035278,0.6992549000133295,1.2998929000168573,7 18 19 20 23 46 49 51 61 67 71 73
1006,MLP+fixed diffusion,0.7443294956618607,4.582460029443735,0.2476306399227579,1.0011041164398193,0.5338712000229862,0.7308036000176799,1.264674800040666,5 10 20 27 37 39 61 62 63 64 75 78
1007,GAT,0.692817502710374,4.4222969193421955,0.24447633230984256,1.0529582500457764,0.5789162000000942,0.7223270999966189,1.3012432999967132,9 18 20 23 24 30 51 61 67 71 73 74
1007,GCN,0.7220919015073988,4.465372690816107,0.24934746356598014,1.0514037609100342,0.5320747999940068,0.6627587999973912,1.194833599991398,2 9 13 20 27 28 45 46 57 61 67 75
1007,GraphSAGE,0.7313147939239233,4.378835050788407,0.25650610823577624,1.0512416362762451,0.5770180999825243,0.7319800000113901,1.3089980999939144,15 20 23 27 28 35 46 51 61 64 67 74
1007,MLP+fixed diffusion,0.7502715567904371,4.414316816330073,0.25979681198193005,1.0530908107757568,0.5518788000044879,0.7770111999998335,1.3288900000043213,1 2 20 27 35 39 50 61 63 66 72 74
1008,GAT,0.7161922384175025,4.337252229619186,0.27673656791467927,1.0225962400436401,0.5719595999980811,0.8073561000055633,1.3793157000036445,0 14 18 20 23 49 51 63 66 67 73 74
1008,GCN,0.7173241442662721,4.511397168436243,0.23277924633109337,1.0233432054519653,0.5147998000029474,0.8348688999831211,1.3496686999860685,13 20 23 27 45 57 61 63 64 71 73 75
1008,GraphSAGE,0.7632766871283128,4.705193740003074,0.2592294482728853,1.0234309434890747,0.5254777999944054,0.7072449999977835,1.2327227999921888,2 5 9 20 36 39 45 63 67 71 74 75
1008,MLP+fixed diffusion,0.7212917109116528,4.375824772143143,0.25363692166863894,1.0244626998901367,0.5097390999726485,0.6437710000027437,1.1535100999753922,1 2 18 20 57 61 63 64 67 69 72 74
1009,GAT,0.7149983490904674,4.42000165419192,0.2293839228979262,1.0245213508605957,0.5685847999993712,0.6564135999942664,1.2249983999936376,2 13 18 20 23 37 46 61 66 67 73 75
1009,GCN,0.7248596508678377,4.394074404432045,0.25423485692037173,1.023777723312378,0.5174759999790695,0.8374254000082146,1.354901399987284,1 2 5 18 20 27 37 61 63 64 72 74
1009,GraphSAGE,0.7165823084354452,4.338681617131284,0.25506933737403514,1.0252258777618408,0.5632737000123598,0.6426829000120051,1.2059566000243649,2 13 17 18 20 39 46 61 62 66 73 75
1009,MLP+fixed diffusion,0.747949195752664,4.733875317774653,0.2517391800278763,1.0246005058288574,0.5238207000074908,0.796484499995131,1.3203052000026219,1 2 10 13 20 27 39 61 63 67 69 75
1010,GAT,0.7208643444492479,4.544402523278226,0.2410111135952583,1.0018404722213745,0.5609212999988813,0.7127183999982662,1.2736396999971475,2 13 20 27 39 45 56 57 63 71 73 75
1010,GCN,0.7615178472110857,4.445740555889426,0.2432617096344203,0.9986146688461304,0.5897384000127204,0.741887999989558,1.3316264000022784,2 20 27 28 39 45 57 61 63 73 75 78
1010,GraphSAGE,0.7083330429884616,4.513861806801044,0.2270494940430069,1.000417947769165,0.6083864000102039,0.8109655000152998,1.4193519000255037,2 7 19 20 27 28 45 50 57 61 63 67
1010,MLP+fixed diffusion,0.7615178472110857,4.445740555889426,0.2432617096344203,0.9994920492172241,0.5278301000071224,0.7131410000147298,1.2409711000218522,2 20 27 28 39 45 57 61 63 73 75 78
1011,GAT,0.6260434918139688,4.7982662171529995,0.22012998873019995,1.0008351802825928,0.6368393000157084,0.8319741000013892,1.4688134000170976,2 10 23 25 27 30 42 50 61 67 71 75
1011,GCN,0.7203102055798514,4.416082985644661,0.2623759986898989,1.0008310079574585,0.5117047000094317,0.780765400006203,1.2924701000156347,17 18 20 23 46 49 57 61 64 66 74 75
1011,GraphSAGE,0.728735226800402,4.523304830642068,0.24818252248698458,1.0011640787124634,0.5377834000100847,0.6916264000174124,1.2294098000274971,10 15 20 23 27 46 51 61 64 66 67 74
1011,MLP+fixed diffusion,0.7271094097314635,4.7263680228043,0.23127961327471214,1.000763177871704,0.581746399984695,0.7659700000076555,1.3477163999923505,2 10 20 23 27 28 49 57 61 63 73 75
1012,GAT,0.7611290012346672,4.527449142167796,0.23737319109968458,1.031480312347412,0.5777705000073183,0.729009100003168,1.3067796000104863,2 5 20 27 37 39 45 61 63 73 74 75
1012,GCN,0.7398119801055624,4.484121149704,0.23344826824828224,1.0316216945648193,0.5124949000019114,0.7773416999843903,1.2898365999863017,2 13 20 27 28 30 39 45 61 63 73 75
1012,GraphSAGE,0.6755325735872194,4.384656206433333,0.23502565295189493,1.0319689512252808,0.5747665999806486,0.959503100020811,1.5342697000014596,8 15 18 23 46 51 61 66 67 71 73 74
1012,MLP+fixed diffusion,0.7085348082878141,4.483542584561468,0.285145017931169,1.0322223901748657,0.5304345000186004,0.6882630999898538,1.2186976000084542,0 2 15 18 20 27 39 41 61 71 73 74
1013,GAT,0.6961272706810394,4.508743368491631,0.23424266784103853,1.0245193243026733,0.625327500019921,0.6952563999802805,1.3205839000002015,1 2 5 7 12 18 20 61 63 71 73 75
1013,GCN,0.7130333267816751,4.337056490177022,0.25827939774122,1.0234215259552002,0.5374372999940533,0.7690101999905892,1.3064474999846425,2 5 13 18 23 25 37 46 61 67 72 73
1013,GraphSAGE,0.7304132094337985,4.551595804613946,0.23232676067853408,1.0235066413879395,0.5548827000020538,0.7789443999936339,1.3338270999956876,2 20 36 45 50 57 61 63 67 71 74 75
1013,MLP+fixed diffusion,0.7145391435948284,4.652060330532796,0.22855525406156274,1.0229706764221191,0.5258903999929316,0.7241405000095256,1.2500309000024572,10 20 23 27 28 30 61 63 67 73 75 78
1014,GAT,0.7067510635054549,4.669940083820781,0.23738987585930993,1.0226480960845947,0.5558364000171423,0.8184889999974985,1.3743254000146408,2 6 20 28 36 45 57 61 63 64 67 75
1014,GCN,0.667521466000316,4.632550402963141,0.22287729490851915,1.0225638151168823,0.5134365999838337,0.684712699992815,1.1981492999766488,2 5 8 10 15 23 27 28 63 67 73 74
1014,GraphSAGE,0.7344545239996042,4.423175271163849,0.270647620579757,1.0238251686096191,0.5581959999981336,0.721298000018578,1.2794940000167117,5 25 27 43 45 49 61 63 64 71 72 74
1014,MLP+fixed diffusion,0.7088190518151561,4.536931542439119,0.2342335638156705,1.0225132703781128,0.5283876999747008,0.7377102999889757,1.2660979999636766,2 20 27 45 46 49 61 67 71 73 74 75
1015,GAT,0.7081603073958813,4.283692771941028,0.2832892641972313,1.0092923641204834,0.6176417999959085,0.8320894000062253,1.4497312000021338,0 5 7 15 18 20 23 50 51 63 69 74
1015,GCN,0.69893706536395,4.4659176819458555,0.25438193459542646,1.0109562873840332,0.5070660999917891,0.737594900012482,1.244661000004271,5 9 18 23 24 61 63 70 71 73 75 78
1015,GraphSAGE,0.7351411957905991,4.277464433716575,0.25318472206147613,1.0098315477371216,0.5485855999868363,0.7381202000251506,1.2867058000119869,2 5 18 20 23 46 61 67 71 72 73 74
1015,MLP+fixed diffusion,0.69893706536395,4.4659176819458555,0.25438193459542646,1.0117436647415161,0.5247057999949902,0.7519237000087742,1.2766295000037644,5 9 18 23 24 61 63 70 71 73 75 78
1016,GAT,0.762502679703255,4.549005340687211,0.26063128704564753,1.0267884731292725,0.551423299999442,0.751776199991582,1.303199499991024,2 5 20 36 39 45 63 70 71 72 73 74
1016,GCN,0.7594982469140081,4.500214449512532,0.23863583550106815,1.0251156091690063,0.49736599999596365,0.7411007999908179,1.2384667999867816,2 5 20 27 39 45 50 61 63 71 74 75
1016,GraphSAGE,0.7412686995976725,4.570151778707458,0.24397141315264492,1.026830792427063,0.5430076000047848,0.7415809000085574,1.2845885000133421,1 2 20 27 39 45 61 63 64 66 74 75
1016,MLP+fixed diffusion,0.7469114883876169,4.604758390842612,0.24439255389824466,1.0255950689315796,0.5308667999925092,0.7150820000097156,1.2459488000022247,5 13 20 27 28 34 39 45 63 67 73 75
1017,GAT,0.7480179785141519,4.516083891677827,0.2461670328591744,1.0500624179840088,0.559853499988094,1.0612973000097554,1.6211507999978494,5 10 20 23 27 28 51 61 63 72 73 74
1017,GCN,0.7070201766702465,4.345104429273345,0.2518927198122938,1.0511468648910522,0.5124358000175562,0.7297607000218704,1.2421965000394266,13 17 20 23 27 35 39 46 61 71 73 75
1017,GraphSAGE,0.7480179785141519,4.516083891677827,0.2461670328591744,1.0517016649246216,0.5441688999999315,0.6616608999902382,1.2058297999901697,5 10 20 23 27 28 51 61 63 72 73 74
1017,MLP+fixed diffusion,0.7070201766702465,4.345104429273345,0.2518927198122938,1.051353931427002,0.5136207999894395,0.6509853000170551,1.1646061000064947,13 17 20 23 27 35 39 46 61 71 73 75
1018,GAT,0.747739036582746,4.4305357391255225,0.25845465905787135,0.9995931386947632,0.5798163000144996,0.6784818000160158,1.2582981000305153,0 2 18 20 39 61 63 64 66 67 75 78
1018,GCN,0.7220967364326589,4.407263264689701,0.2374313915973657,1.0011208057403564,0.5106316999881528,0.8478110000141896,1.3584427000023425,2 13 18 20 23 46 49 61 67 71 73 75
1018,GraphSAGE,0.7370733968871765,4.496127408654938,0.2552373493332418,1.0000988245010376,0.5457461000187322,0.6681021999975201,1.2138483000162523,0 2 13 18 20 39 50 61 63 67 69 75
1018,MLP+fixed diffusion,0.7141602519674982,4.496028452445093,0.2445821573749618,1.0025213956832886,0.518846700026188,0.7144941999868024,1.2333409000129905,5 13 23 25 27 45 61 63 67 71 73 75
1019,GAT,0.7524795106437336,4.521685709567713,0.24208770599403628,1.0334172248840332,0.6185801000101492,0.6820524000213481,1.3006325000314973,5 20 27 28 39 45 58 61 63 64 74 75
1019,GCN,0.7529270478220704,4.562605891237355,0.23087990313078288,1.0347851514816284,0.5118205999897327,0.7417587999952957,1.2535793999850284,2 5 12 20 27 28 39 45 61 63 73 75
1019,GraphSAGE,0.7286397903215474,4.5817199659692855,0.23599772059117752,1.0352132320404053,0.5592923999938648,0.7778748999990057,1.3371672999928705,2 5 15 20 27 37 39 45 63 67 73 74
1019,MLP+fixed diffusion,0.7286397903215474,4.5817199659692855,0.23599772059117752,1.0352067947387695,0.5187266999855638,0.7066440999915358,1.2253707999770995,2 5 15 20 27 37 39 45 63 67 73 74
1020,GAT,0.7159487634574772,4.425835705634184,0.2452450838057817,1.0251011848449707,0.5685232000250835,0.6653187999909278,1.2338420000160113,2 20 23 27 35 46 61 66 67 73 74 75
1020,GCN,0.7237534250846591,4.710103816855241,0.21809459748340143,1.0246225595474243,0.5155162999872118,0.7789143999980297,1.2944306999852415,5 10 12 20 23 27 37 61 63 67 73 75
1020,GraphSAGE,0.7089811725878574,4.4125442986447965,0.25704702495247167,1.024782419204712,0.5429326000157744,0.7186605999886524,1.2615932000044268,2 5 20 23 27 35 46 61 64 67 71 75
1020,MLP+fixed diffusion,0.7027786154227866,4.528044360308072,0.24452175836266643,1.0248016119003296,0.5265804000082426,0.759544200001983,1.2861246000102255,1 2 18 20 31 50 61 67 71 72 74 76
1021,GAT,0.7179713436251175,4.409425965481489,0.25718393524982675,1.0334365367889404,0.5533437999838497,0.8830756999959704,1.43641949997982,2 9 20 23 27 35 46 61 71 72 73 74
1021,GCN,0.7037437244896887,4.434497410983112,0.24590283599463414,1.032127022743225,0.5078679999860469,0.7565746000036597,1.2644425999897067,7 12 17 18 20 28 39 46 61 62 73 75
1021,GraphSAGE,0.7179713436251175,4.409425965481489,0.25718393524982675,1.0326883792877197,0.5616224999830592,0.7577222999825608,1.31934479996562,2 9 20 23 27 35 46 61 71 72 73 74
1021,MLP+fixed diffusion,0.7179713436251175,4.409425965481489,0.25718393524982675,1.0333726406097412,0.527247999998508,0.6816390000167303,1.2088870000152383,2 9 20 23 27 35 46 61 71 72 73 74
1022,GAT,0.7252197035736238,4.24820973593336,0.2633596862453219,1.027073621749878,0.5695231000136118,0.8154707000066992,1.384993800020311,17 19 20 23 27 35 46 51 61 71 73 78
1022,GCN,0.7305190994908369,4.435220403815017,0.26906064601759316,1.0280520915985107,0.5319775000098161,0.7136640000098851,1.2456415000197012,0 2 18 19 20 27 39 61 63 66 73 78
1022,GraphSAGE,0.6979272466106002,4.722544031534456,0.23548380831318705,1.0259703397750854,0.5293322000070475,0.7199352000025101,1.2492674000095576,2 5 10 20 23 27 31 61 64 67 69 75
1022,MLP+fixed diffusion,0.7305190994908369,4.435220403815017,0.26906064601759316,1.0272266864776611,0.529399499995634,0.7880406999902334,1.3174401999858674,0 2 18 19 20 27 39 61 63 66 73 78
1023,GAT,0.7206169446493004,4.407797013364582,0.26503250594757854,1.0235346555709839,0.5610179999785032,0.7202510999923106,1.2812690999708138,0 2 18 25 39 52 61 63 64 66 74 75
1023,GCN,0.717508176855135,4.5664310950092535,0.2395838341609814,1.0211906433105469,0.5126388999924529,0.7844357999856584,1.2970746999781113,2 7 8 10 23 27 57 61 63 71 72 74
1023,GraphSAGE,0.6967198641443831,4.274836582621984,0.256305353846364,1.0222723484039307,0.5535445999994408,0.7978927999793086,1.3514373999787495,5 18 23 25 27 46 51 61 64 67 69 74
1023,MLP+fixed diffusion,0.7431135177729591,4.421272286390152,0.24901140488854645,1.0209649801254272,0.521498199988855,0.7065676999918651,1.2280658999807201,0 2 13 18 20 39 61 63 66 67 73 75
1024,GAT,0.7110479802672598,4.621544744098069,0.23429261394794065,1.0209176540374756,0.5771395999763627,0.7070857000071555,1.2842252999835182,10 20 23 27 30 49 61 63 71 73 74 75
1024,GCN,0.7329310675000165,4.283215686081055,0.27946028077007523,1.0214154720306396,0.558024599973578,0.7285942000162322,1.2866187999898102,2 5 17 20 23 35 37 46 61 64 72 74
1024,GraphSAGE,0.7329310675000165,4.283215686081055,0.27946028077007523,1.0203920602798462,0.549434000015026,0.8203490999876522,1.3697831000026781,2 5 17 20 23 35 37 46 61 64 72 74
1024,MLP+fixed diffusion,0.74648298625654,4.371319253343531,0.2528235361777422,1.0219225883483887,0.5271125000144821,0.7476086000096984,1.2747211000241805,5 15 20 23 27 45 51 61 63 64 71 74
1025,GAT,0.6846113368584855,4.620063461367347,0.23173541259088848,1.0328350067138672,0.6035613999993075,0.8155031000205781,1.4190645000198856,10 23 27 34 51 57 60 61 63 64 71 74
1025,GCN,0.6559925235388671,4.926077265863129,0.2195251321489896,1.0354126691818237,0.5179398999898694,0.7375372999813408,1.2554771999712102,2 9 10 20 27 42 57 61 63 67 71 75
1025,GraphSAGE,0.7434254398326741,4.395186497620726,0.25186822816898713,1.0342034101486206,0.5947352999937721,0.7942310999787878,1.3889663999725599,1 2 5 13 18 20 39 61 63 71 73 75
1025,MLP+fixed diffusion,0.7213425989457551,4.455358401294618,0.2370023866909713,1.0357333421707153,0.5128490999923088,0.7731660000281408,1.2860151000204496,20 23 27 45 50 51 57 61 63 64 71 74
1026,GAT,0.7006472568011992,4.256050567018956,0.2708797512099642,1.042237401008606,0.5761881000071298,0.7154432000243105,1.2916313000314403,17 18 19 24 28 51 57 60 61 62 64 74
1026,GCN,0.7250884481823807,4.486526532121342,0.2599240921527275,1.0422844886779785,0.5149886999861337,0.6940905999799725,1.2090792999661062,2 20 23 35 46 49 61 66 67 73 74 75
1026,GraphSAGE,0.7513214472058909,4.365039345193058,0.25346676915624056,1.042933464050293,0.554036100016674,0.7284663000027649,1.282502400019439,2 5 20 23 27 45 61 63 64 71 72 74
1026,MLP+fixed diffusion,0.7269466323639742,4.413514841965363,0.25958017092847097,1.0430233478546143,0.523285000002943,0.8188290999969468,1.3421140999998897,5 20 23 27 28 45 46 61 64 67 74 75
1027,GAT,0.720139318840365,4.316067246481477,0.2501592882668179,1.020751953125,0.5488360000017565,0.781147300003795,1.3299833000055514,5 18 20 23 27 46 51 61 67 71 73 74
1027,GCN,0.7310280247934876,4.3577857247579725,0.24610500043496908,1.021579384803772,0.49713620002148673,0.8007759999891277,1.2979122000106145,7 18 19 20 23 28 46 51 57 61 67 73
1027,GraphSAGE,0.748639390829743,4.44936617161743,0.23863255991320842,1.0214498043060303,0.57829230002244,0.6698341999726836,1.2481264999951236,20 27 34 39 45 57 61 63 71 73 74 75
1027,MLP+fixed diffusion,0.7301845826633563,4.610707006931587,0.2254990257063939,1.0204476118087769,0.5265951000037603,0.6386842000065371,1.1652793000102974,2 10 13 20 23 27 57 61 63 71 73 75
1028,GAT,0.6971168156167965,4.88757713087411,0.22119818797385515,1.0443090200424194,0.5827263999963179,0.7451616000034846,1.3278879999998026,2 5 7 10 20 27 37 39 50 61 63 75
1028,GCN,0.7307767257352336,4.538089311778286,0.23493066919856753,1.0442756414413452,0.5121527999872342,0.6469640999857802,1.1591168999730144,2 5 20 27 45 49 50 61 63 71 74 75
1028,GraphSAGE,0.7459718733381954,4.405329337644909,0.26332435692080347,1.0455325841903687,0.5462945000035688,0.7117324999999255,1.2580270000034943,0 2 18 20 28 39 50 61 63 64 72 74
1028,MLP+fixed diffusion,0.7656190196554998,4.484471540629905,0.23872879889936083,1.045267939567566,0.5562753999838606,0.6909933000279125,1.247268700011773,2 5 13 20 27 28 39 45 61 63 73 75
1029,GAT,0.704654766425408,4.733908544609095,0.23236586359946865,1.0207366943359375,0.544388499984052,0.8589820999768563,1.4033705999609083,2 5 10 23 25 27 37 50 61 63 67 75
1029,GCN,0.724680186535277,4.71963544286847,0.2252816023690004,1.0172603130340576,0.5155281000188552,0.707686299982015,1.2232144000008702,2 5 10 20 23 27 37 50 61 63 67 75
1029,GraphSAGE,0.6612042055241937,4.8359921171809805,0.20776653424908287,1.0184450149536133,0.5946071999787819,0.705105300003197,1.299712499981979,2 10 12 20 27 50 57 61 63 67 71 75
1029,MLP+fixed diffusion,0.6881056451743144,4.692630241278641,0.2192649425969585,1.0175714492797852,0.5134510000061709,0.6886930000036955,1.2021440000098664,2 5 8 10 23 27 28 61 63 67 73 75
